airline_ID,airline_name,IATA,ICAO,telephone,email,gate_code
0,Vasco,0V,VFC,2102159602,vasco@gmail.com,156
1,Branson Air Express,1X,,2109263527,bransonairexpress@gmail.com,54
2,Angara Airlines,2G,AGU,2107387673,angaraairlines@gmail.com,2
3,Star Peru,2I,SRU,2105785021,starperu@gmail.com,135
4,Air Burkina,2J,VBW,2102819153,airburkina@gmail.com,136
5,Avianca,2K,GLG,2106399813,avianca@gmail.com,35
6,Maya Island Air,2M,MYD,2107278639,mayaislandair@gmail.com,128
7,Albawings,2B,AWT,2106015775,albawings@gmail.com,41
8,Blue Air,0B,BMS,2105046791,blueair@gmail.com,104
9,Helvetic Airways,2L,OAW,2106483647,helveticairways@gmail.com,19
10,Sun D'or Airlines,2U,ERO,2102102423,sund'orairlines@gmail.com,70
11,Passaredo Linhas Aéreas,2Z,PTB,2109753724,passaredolinhasaéreas@gmail.com,154
12,Binter Cabo Verde,3B,NTB,2106417905,bintercaboverde@gmail.com,86
13,Air Chathams,3C,CVA,2105945457,airchathams@gmail.com,56
14,Air Choice One,3E,WBR,2103424091,airchoiceone@gmail.com,142
15,Pacificair,3F,,2108062461,pacificair@gmail.com,40
16,Air Inuit,3H,AIE,2102631023,airinuit@gmail.com,151
17,Jubba Airways,3J,JBW,2104758219,jubbaairways@gmail.com,123
18,Silver Airways,3M,SIL,2109024836,silverairways@gmail.com,30
19,Airline Urga,3N,URG,2108377692,airlineurga@gmail.com,153
20,Air Philip,3P,APV,2101142654,airphilip@gmail.com,114
21,Avior Regional,3R,RGR,2103211329,aviorregional@gmail.com,48
22,Air Antilles,3S,GUY,2103819610,airantilles@gmail.com,81
23,Tarco Aviation,3T,TRQ,2105585714,tarcoaviation@gmail.com,19
24,Sichuan Airlines,3U,CSC,2106140246,sichuanairlines@gmail.com,134
25,Malawi Airlines,3W,MWI,2108338792,malawiairlines@gmail.com,96
26,Boutique Air,4B,BTQ,2100186019,boutiqueair@gmail.com,109
27,Gazpromavia,4G,GZP,2106927406,gazpromavia@gmail.com,74
28,Flydamas,4J,FDK,2109046515,flydamas@gmail.com,62
29,Kenn Borek Air,4K,KBA,2108323683,kennborekair@gmail.com,45
30,Airnorth,4N,ANT,2100118969,airnorth@gmail.com,64
31,Star East Airlines,4R,SEK,2103304002,stareastairlines@gmail.com,70
32,Warbelows Air,4W,WAV,2104360660,warbelowsair@gmail.com,66
33,Airlink,4Z,LNK,2107238400,airlink@gmail.com,78
34,Bassaka Air,5B,BSX,2101632777,bassakaair@gmail.com,21
35,Aeromexico Connect,5D,SLI,2103914262,aeromexicoconnect@gmail.com,138
36,Flyone,5F,FIA,2104116884,flyone@gmail.com,106
37,Flymontserrat,5M,MNT,2106705397,flymontserrat@gmail.com,118
38,Smartavia,5N,AUL,2101174190,smartavia@gmail.com,106
39,Asl Airlines France,5O,FPO,2103563329,aslairlinesfrance@gmail.com,13
40,Rutaca Airlines,5R,RUC,2103975023,rutacaairlines@gmail.com,0
41,Canadian North,5T,MPE,2108137681,canadiannorth@gmail.com,88
42,Tag Airlines,5U,TGU,2104712753,tagairlines@gmail.com,141
43,Cemair,5Z,KEM,2108159593,cemair@gmail.com,109
44,Tui Fly Nordiс,6B,BLX,2106911374,tuiflynordiс@gmail.com,120
45,Air Timor,6C,586,2101676233,airtimor@gmail.com,71
46,Israir Airlines,6H,ISR,2105583623,israirairlines@gmail.com,27
47,Solaseed Air,6J,SNJ,2107025174,solaseedair@gmail.com,24
48,Aklak Air,6L,AKK,2103729092,aklakair@gmail.com,62
49,Niger Airlines,6N,NIN,2105570241,nigerairlines@gmail.com,147
50,Orbest,6O,OBS,2100132799,orbest@gmail.com,54
51,Cham Wings Airlines,6Q,SAW,2108996771,chamwingsairlines@gmail.com,92
52,Alrosa,6R,DRU,2106282884,alrosa@gmail.com,21
53,Saudigulf,6S,SGQ,2106638693,saudigulf@gmail.com,156
54,Smartlynx Airlines Estonia,6Y,MYX,2103654290,smartlynxairlinesestonia@gmail.com,24
55,Madagasikara Airways,7D,AYS,2104942094,madagasikaraairways@gmail.com,30
56,Sylt Air,7E,AWU,2107251016,syltair@gmail.com,102
57,First Air,7F,FAB,2105967526,firstair@gmail.com,126
58,Mayair,7M,MYI,2105138735,mayair@gmail.com,61
59,Air Panama,7P,PST,2102954813,airpanama@gmail.com,47
60,Elite Airways,7Q,MNU,2100586394,eliteairways@gmail.com,141
61,Rusline,7R,RLU,2107880323,rusline@gmail.com,40
62,Federal Airlines,7V,FDR,2105377203,federalairlines@gmail.com,117
63,Windrose Airlines,7W,WRC,2100934938,windroseairlines@gmail.com,43
64,Mann Yadanarpon Airlines,7Y,MYP,2104952972,mannyadanarponairlines@gmail.com,113
65,Transnusa,8B,TNU,2107876430,transnusa@gmail.com,101
66,Bering Air,8E,BRG,2107746006,beringair@gmail.com,44
67,Stp Airways,8F,STP,2109395519,stpairways@gmail.com,104
68,Fly Mid Africa,8G,MFG,2107322259,flymidafrica@gmail.com,90
69,Bhair,8H,BGH,2106490912,bhair@gmail.com,37
70,Ecojet,8J,ECO,2103870063,ecojet@gmail.com,61
71,Myanmar Airways International,8M,MMA,2105809228,myanmarairwaysinternational@gmail.com,93
72,Regional Air,8N,REG,2108422140,regionalair@gmail.com,157
73,Pacific Coastal Airlines,8P,PCO,2104992490,pacificcoastalairlines@gmail.com,96
74,Air Tindi,8T,TID,2105666271,airtindi@gmail.com,120
75,Afriqiyah Airways,8U,AAW,2103068524,afriqiyahairways@gmail.com,158
76,Ewa Air,ZD,EWR,2103403906,ewaair@gmail.com,77
77,Latam Colombia,4C,ARE,2106325184,latamcolombia@gmail.com,39
78,Pal Express,2P,GAP,2105101665,palexpress@gmail.com,82
79,Jetstar Asia,3K,JSA,2100473155,jetstarasia@gmail.com,83
80,Air Arabia Maroc,3O,MAC,2102703776,airarabiamaroc@gmail.com,133
81,Fly540,5H,FFV,2109739241,fly540@gmail.com,52
82,Indigo,6E,IGO,2102504047,indigo@gmail.com,147
83,Jeju Air,7C,JJA,2103978900,jejuair@gmail.com,87
84,Lucky Air,8L,LKE,2108235847,luckyair@gmail.com,129
85,Starflyer,7G,SFJ,2101134607,starflyer@gmail.com,77
86,Trujet,2T,TRJ,2100163048,trujet@gmail.com,64
87,Ravn Alaska,7H,RVF,2108728165,ravnalaska@gmail.com,90
88,Eurowings,4U,GWI,2103030544,eurowings@gmail.com,149
89,Onur Air,8Q,OHY,2103170486,onurair@gmail.com,34
90,Interjet,4O,AIJ,2101451174,interjet@gmail.com,76
91,Wright Air Service,8V,WRT,2109748102,wrightairservice@gmail.com,134
92,Fly All Ways,8W,EDR,2100092261,flyallways@gmail.com,113
93,Pan Pacific Airlines,8Y,AAV,2109002973,panpacificairlines@gmail.com,51
94,Congo Airways,8Z,CGA,2103416682,congoairways@gmail.com,14
95,Air Changan,9H,CGN,2105019580,airchangan@gmail.com,45
96,Alliance Air,9I,LLR,2109463003,allianceair@gmail.com,133
97,Dana Air,9J,DAN,2105686080,danaair@gmail.com,35
98,Cape Air,9K,KAP,2104674866,capeair@gmail.com,8
99,Central Mountain Air,9M,GLR,2102196285,centralmountainair@gmail.com,69
100,Tropic Air,9N,TOS,2100227209,tropicair@gmail.com,107
101,Caicos Express Airways,9Q,CXE,2105093467,caicosexpressairways@gmail.com,116
102,Satena,9R,NSE,2109727961,satena@gmail.com,38
103,Air Moldova,9U,MLD,2103781251,airmoldova@gmail.com,52
104,Avior Airlines,9V,ROI,2107335906,aviorairlines@gmail.com,12
105,Jet Airways,9W,JAI,2104109838,jetairways@gmail.com,139
106,Southern Airways Express,9X,FDY,2106552722,southernairwaysexpress@gmail.com,128
107,National Airways Ethiopia,9Y,NAE,2108154050,nationalairwaysethiopia@gmail.com,83
108,Astra Airlines,A2,AZI,2105503274,astraairlines@gmail.com,104
109,Azimuth,A4,AZO,2106862163,azimuth@gmail.com,157
110,Hop!,A5,HOP,2104473228,hop!@gmail.com,4
111,Air Travel,A6,HTU,2103167558,airtravel@gmail.com,65
112,Aerolink,A8,XAU,2100162776,aerolink@gmail.com,107
113,Georgian Airways,A9,TGZ,2100347179,georgianairways@gmail.com,145
114,Mandarin Airlines,AE,MDA,2104599799,mandarinairlines@gmail.com,127
115,Aruba Airlines,AG,ARU,2108713824,arubaairlines@gmail.com,129
116,Air Algerie,AH,DAH,2101774745,airalgerie@gmail.com,150
117,Aztec Airways,AJ,AZY,2109458067,aztecairways@gmail.com,77
118,Air Juan,AO,,2104132420,airjuan@gmail.com,122
119,Albastar,AP,LAV,2109263122,albastar@gmail.com,51
120,Alaska Airlines,AS,ASA,2105947422,alaskaairlines@gmail.com,153
121,Royal Air Maroc,AT,RAM,2104719753,royalairmaroc@gmail.com,82
122,Austral,AU,AUT,2104913568,austral@gmail.com,145
123,Africa World Airlines,AW,AFW,2100741938,africaworldairlines@gmail.com,37
124,Venezolana,AW,VNE,2101283687,venezolana@gmail.com,63
125,La Compagnie,B0,DJT,2107503243,lacompagnie@gmail.com,60
126,Belavia,B2,BRU,2108076390,belavia@gmail.com,44
127,Bhutan Airlines,B3,BTN,2103292387,bhutanairlines@gmail.com,93
128,Zanair,B4,TAN,2105086031,zanair@gmail.com,64
129,Eastafrican,B5,EXZ,2106458532,eastafrican@gmail.com,122
130,Uni Air,B7,UIA,2102723445,uniair@gmail.com,111
131,Eritrean Airlines,B8,ERT,2108464291,eritreanairlines@gmail.com,46
132,Iran Air Tours,B9,IRB,2105336053,iranairtours@gmail.com,110
133,Seaborne Airlines,BB,SBS,2106532128,seaborneairlines@gmail.com,48
134,Cambodia Bayon Airlines,BD,BYC,2107359975,cambodiabayonairlines@gmail.com,105
135,French Bee,BF,FBU,2104390827,frenchbee@gmail.com,138
136,Biman Bangladesh Airlines,BG,BBC,2101048830,bimanbangladeshairlines@gmail.com,92
137,Royal Brunei Airlines,BI,RBA,2106741182,royalbruneiairlines@gmail.com,157
138,Nouvelair,BJ,LBT,2101745278,nouvelair@gmail.com,110
139,Okay Airways,BK,OKA,2104656159,okayairways@gmail.com,45
140,Air Botswana,BP,BOT,2101586514,airbotswana@gmail.com,25
141,Us-bangla Airlines,BS,UBG,2108932532,us-banglaairlines@gmail.com,78
142,Airbaltic,BT,BTI,2103117660,airbaltic@gmail.com,155
143,Flycaa,BU,FPY,2104186518,flycaa@gmail.com,87
144,Caribbean Airlines,BW,BWA,2100411863,caribbeanairlines@gmail.com,49
145,Tui Airways,BY,TOM,2100563099,tuiairways@gmail.com,1
146,Blue Bird Airways,BZ,BBG,2102129768,bluebirdairways@gmail.com,47
147,Ceiba Intercontinental,C2,CEL,2108101249,ceibaintercontinental@gmail.com,19
148,Aegean Airlines,A3,AEE,2106920137,aegeanairlines@gmail.com,129
149,Air Canada,AC,ACA,2102350806,aircanada@gmail.com,56
150,Air India,AI,AIC,2100204041,airindia@gmail.com,144
151,Avianca,AV,AVA,2100249518,avianca@gmail.com,101
152,British Airways,BA,BAW,2108319125,britishairways@gmail.com,109
153,American Airlines,AA,AAL,2106498400,americanairlines@gmail.com,114
154,Finnair,AY,FIN,2103705397,finnair@gmail.com,86
155,Aeromexico,AM,AMX,2102667500,aeromexico@gmail.com,10
156,Alitalia,AZ,AZA,2104770402,alitalia@gmail.com,97
157,Aerolineas Argentinas,AR,ARG,2103808863,aerolineasargentinas@gmail.com,45
158,Air France,AF,AFR,2109115003,airfrance@gmail.com,151
159,Jetstar Pacific,BL,PIC,2100612452,jetstarpacific@gmail.com,112
160,9 Air,AQ,JYH,2102203194,9air@gmail.com,139
161,Airasia,AK,AXM,2103231128,airasia@gmail.com,39
162,Air Busan,BX,ABL,2109112757,airbusan@gmail.com,91
163,Eastar Jet,ZE,ESR,2107917607,eastarjet@gmail.com,110
164,Skymark Airlines,BC,SKY,2107021925,skymarkairlines@gmail.com,55
165,Spring Airlines,9C,CQH,2100842191,springairlines@gmail.com,27
166,Blue Panorama Airlines,BV,BPA,2106448321,bluepanoramaairlines@gmail.com,8
167,Flybe,BE,BEE,2102869343,flybe@gmail.com,104
168,Azul,AD,AZU,2104799240,azul@gmail.com,4
169,Aereo Calafia,A7,CFV,2100793580,aereocalafia@gmail.com,25
170,Jetblue,B6,JBU,2108698463,jetblue@gmail.com,17
171,Trade Air,C3,TDR,2101516200,tradeair@gmail.com,15
172,Azur Air,ZF,KTK,2105999754,azurair@gmail.com,77
173,Cinnamon Air,C7,CIN,2109705525,cinnamonair@gmail.com,131
174,Cronos Airlines,C8,CRA,2109840955,cronosairlines@gmail.com,77
175,Air China,CA,CCA,2100730155,airchina@gmail.com,159
176,Cm Airlines,CC,OMT,2106572326,cmairlines@gmail.com,25
177,Corendon Dutch Airlines,CD,CND,2100653824,corendondutchairlines@gmail.com,22
178,Chalair Aviation,CE,CLG,2104195221,chalairaviation@gmail.com,47
179,Png Air,CG,TOK,2103262181,pngair@gmail.com,130
180,Lufthansa Cityline,CL,CLH,2109794691,lufthansacityline@gmail.com,97
181,Grand China Air,CN,GDC,2105113341,grandchinaair@gmail.com,21
182,Coastal Aviation,CQ,CSV,2109346835,coastalaviation@gmail.com,140
183,Alitalia Cityliner,CT,CYL,2106802863,alitaliacityliner@gmail.com,34
184,Cubana,CU,CUB,2103693362,cubana@gmail.com,11
185,Copa Airlines,CM,CMP,2100412704,copaairlines@gmail.com,23
186,China Airlines,CI,CAL,2105996472,chinaairlines@gmail.com,11
187,Cyprus Airways,CY,CYP,2103910853,cyprusairways@gmail.com,87
188,China Southern Airlines,CZ,CSN,2106116783,chinasouthernairlines@gmail.com,83
189,Severstal Air Company,D2,SSF,2103847626,severstalaircompany@gmail.com,7
190,Daallo Airlines,D3,DAO,2105143242,daalloairlines@gmail.com,116
191,Norwegian Air International,D8,IBK,2109940858,norwegianairinternational@gmail.com,120
192,Bra,DC,BRX,2102299650,bra@gmail.com,144
193,Condor,DF,,2108409482,condor@gmail.com,31
194,Norwegian,DH,NAN,2102962100,norwegian@gmail.com,91
195,Norwegian,DI,NRS,2106231722,norwegian@gmail.com,123
196,Thomas Cook Scandinavia,DK,VKG,2100539793,thomascookscandinavia@gmail.com,119
197,Norwegian Air Argentina,DN,NAA,2101935753,norwegianairargentina@gmail.com,131
198,Taag Angola,DT,DTA,2105896063,taagangola@gmail.com,13
199,Scat Airlines,DV,VSV,2107986363,scatairlines@gmail.com,118
200,Danish Air Transport,DX,DTR,2101435668,danishairtransport@gmail.com,151
201,Donghai Airlines,DZ,EPA,2104724324,donghaiairlines@gmail.com,107
202,New Gen Airways,E3,VGO,2107102978,newgenairways@gmail.com,154
203,Enter Air,E4,ENT,2107888498,enterair@gmail.com,114
204,Estelar Latinoamerica,ES,ETR,2105751598,estelarlatinoamerica@gmail.com,20
205,Equaflight,E7,EKA,2106662549,equaflight@gmail.com,30
206,Evelop!,E9,EVE,2105035920,evelop!@gmail.com,63
207,Wamos Air,EB,PLM,2107807950,wamosair@gmail.com,141
208,Easyjet,EC,EJU,2109562182,easyjet@gmail.com,17
209,Ernest Airlines,EG,ERN,2105019803,ernestairlines@gmail.com,79
210,Ana Wings,EH,AKX,2105525696,anawings@gmail.com,33
211,Aer Lingus,EI,EIN,2109646999,aerlingus@gmail.com,23
212,Emirates,EK,UAE,2100187361,emirates@gmail.com,10
213,Ellinair,EL,ELB,2109603140,ellinair@gmail.com,150
214,Airdolomiti,EN,DLA,2109838070,airdolomiti@gmail.com,119
215,Pegas Fly,EO,KAR,2104210606,pegasfly@gmail.com,78
216,Iran Aseman Airlines,EP,IRC,2102904791,iranasemanairlines@gmail.com,132
217,Tame,EQ,TAE,2107362234,tame@gmail.com,155
218,Serene Air,ER,SEP,2109895023,sereneair@gmail.com,60
219,Etihad Airways,EY,ETD,2107359096,etihadairways@gmail.com,150
220,Safarilink Aviation,F2,XLK,2109796123,safarilinkaviation@gmail.com,98
221,Flyadeal,F3,FAD,2109792442,flyadeal@gmail.com,89
222,Air Flamenco,F4,WAF,2101458022,airflamenco@gmail.com,10
223,Flyvalan,F6,FXP,2108406149,flyvalan@gmail.com,98
224,Ifly,F7,RSY,2103787051,ifly@gmail.com,131
225,Bulgaria Air,FB,LZB,2102866099,bulgariaair@gmail.com,54
226,Vivaair,VH,VVC,2105630037,vivaair@gmail.com,15
227,Fat Far Eastern Air Transport,FE,FEA,2101815552,fatfareasternairtransport@gmail.com,52
228,Ariana Afghan Airlines,FG,AFG,2109865833,arianaafghanairlines@gmail.com,64
229,Icelandair,FI,ICE,2102429563,icelandair@gmail.com,98
230,Shanghai Airlines,FM,CSH,2103125388,shanghaiairlines@gmail.com,117
231,Fastjet Tanzania,FN,FTZ,2107060480,fastjettanzania@gmail.com,121
232,Flybondi,FO,FBD,2106126007,flybondi@gmail.com,1
233,Flypelican,FP,FRE,2100342678,flypelican@gmail.com,73
234,Flyest Lineas Aereas,FQ,,2101152727,flyestlineasaereas@gmail.com,77
235,Flyegypt,FT,FEG,2106703361,flyegypt@gmail.com,119
236,Fly Tiwi,FT,,2108688456,flytiwi@gmail.com,48
237,Fuzhou Airlines,FU,FZA,2102710990,fuzhouairlines@gmail.com,18
238,Rossiya Airlines,FV,SDM,2104808344,rossiyaairlines@gmail.com,111
239,Ibex Airlines,FW,IBX,2106774657,ibexairlines@gmail.com,45
240,Firefly,FY,FFM,2107652434,firefly@gmail.com,153
241,China Express Airlines,G5,HXA,2102787162,chinaexpressairlines@gmail.com,91
242,Cathay Pacific,CX,CPA,2107933732,cathaypacific@gmail.com,75
243,Sun-air,EZ,SUS,2101069358,sun-air@gmail.com,78
244,Fiji Airways,FJ,FJI,2102964709,fijiairways@gmail.com,1
245,Delta,DL,DAL,2109257368,delta@gmail.com,32
246,Chengdu Airlines,EU,UEA,2109495763,chengduairlines@gmail.com,80
247,Ruili Airlines,DR,RLH,2107296589,ruiliairlines@gmail.com,156
248,Air Arabia Egypt,E5,RBG,2107545337,airarabiaegypt@gmail.com,154
249,Fastjet Zimbabwe,FN,FJW,2101444261,fastjetzimbabwe@gmail.com,81
250,Flysafair,FA,SFR,2101385328,flysafair@gmail.com,105
251,Airasia X,D7,XAX,2107157881,airasiax@gmail.com,46
252,Nok Air,DD,NOK,2103783268,nokair@gmail.com,7
253,Thai Airasia,FD,AIQ,2109263782,thaiairasia@gmail.com,37
254,Airasia Japan,DJ,WAJ,2108741057,airasiajapan@gmail.com,48
255,Condor,DE,CFG,2100277957,condor@gmail.com,117
256,Easyjet,DS,EZS,2105149519,easyjet@gmail.com,3
257,Eurowings,EW,EWG,2102134391,eurowings@gmail.com,59
258,Eurowings,E2,EWE,2109553579,eurowings@gmail.com,101
259,Norwegian,DY,NAX,2104736352,norwegian@gmail.com,122
260,Pobeda,DP,PBD,2101997085,pobeda@gmail.com,52
261,Ryanair,FR,RYR,2102018153,ryanair@gmail.com,74
262,Gol Linhas Aéreas,G3,GLO,2101982867,gollinhasaéreas@gmail.com,20
263,Fly Corporate,FC,,2101796000,flycorporate@gmail.com,56
264,Flydubai,FZ,FDB,2107491381,flydubai@gmail.com,146
265,Allegiant Air,G4,AAY,2107296179,allegiantair@gmail.com,115
266,Flair Airlines,F8,FLE,2109540793,flairairlines@gmail.com,120
267,Frontier Airlines,F9,FFT,2103340067,frontierairlines@gmail.com,89
268,Gowair Vacation Airlines,G6,GWR,2103431278,gowairvacationairlines@gmail.com,41
269,Gulf Air,GF,GFA,2103661637,gulfair@gmail.com,24
270,Loong Air,GJ,CDC,2103187628,loongair@gmail.com,107
271,Air Greenland,GL,GRL,2106663507,airgreenland@gmail.com,15
272,Germania Flug,GM,GSW,2101057040,germaniaflug@gmail.com,74
273,Apg Airlines,GP,RIV,2107095691,apgairlines@gmail.com,9
274,Sky Express Greece,GQ,SEH,2101278135,skyexpressgreece@gmail.com,57
275,Aurigny,GR,AUR,2104315563,aurigny@gmail.com,42
276,Tianjin Airlines,GS,GCR,2105575852,tianjinairlines@gmail.com,99
277,Air Guilin,GT,CGH,2101886115,airguilin@gmail.com,27
278,Avianca Guatemala,GU,GUG,2107975754,aviancaguatemala@gmail.com,153
279,Grant Aviation,GV,GUN,2105250331,grantaviation@gmail.com,14
280,Gx Airlines,GX,CBG,2105519010,gxairlines@gmail.com,140
281,Colorful Guizhou Airlines,GY,CGZ,2101962171,colorfulguizhouairlines@gmail.com,70
282,Air Rarotonga,GZ,RAR,2109430628,airrarotonga@gmail.com,69
283,Thomas Cook Airlines Balearics,H5,CTB,2107127399,thomascookairlinesbalearics@gmail.com,19
284,Bulgarian Air Charter,H6,BUC,2102943779,bulgarianaircharter@gmail.com,63
285,Ravn Alaska,7H,RVF,2108385666,ravnalaska@gmail.com,29
286,Eagle Air,IS,FEI,2105781127,eagleair@gmail.com,156
287,Taron Avia,H7,TRV,2103505421,taronavia@gmail.com,110
288,Hawaiian Airlines,HA,HAL,2104340528,hawaiianairlines@gmail.com,123
289,Asia Atlantic Airlines,HB,AAQ,2104265878,asiaatlanticairlines@gmail.com,76
290,Air Senegal,HC,SZN,2103180890,airsenegal@gmail.com,152
291,Air Cote Divoire,HF,VRE,2101737808,aircoted'ivoire@gmail.com,28
292,Taban Airlines,HH,TBN,2106857151,tabanairlines@gmail.com,7
293,Skippers Aviation,HK,,2103232875,skippersaviation@gmail.com,155
294,Juneyao Airlines,HO,DKH,2105080337,juneyaoairlines@gmail.com,7
295,Hainan Airlines,HU,CHH,2102617977,hainanairlines@gmail.com,76
296,North-wright Airways,HW,NWL,2107952692,north-wrightairways@gmail.com,73
297,Hong Kong Airlines,HX,CRK,2102763350,hongkongairlines@gmail.com,50
298,Uzbekistan Airways,HY,UZB,2102134901,uzbekistanairways@gmail.com,137
299,Aurora,HZ,SHU,2101082548,aurora@gmail.com,27
300,Ata Airlines,I3,TBZ,2108130068,ataairlines@gmail.com,89
301,Island Air Express,I4,EXP,2103257860,islandairexpress@gmail.com,156
302,Izhavia,I8,IZA,2107830077,izhavia@gmail.com,5
303,Iraqi Airways,IA,IAW,2106449874,iraqiairways@gmail.com,83
304,Batik Air,ID,BTK,2102860882,batikair@gmail.com,61
305,Solomon Airlines,IE,SOL,2108497574,solomonairlines@gmail.com,6
306,Fly Baghdad,IF,FBA,2109238979,flybaghdad@gmail.com,52
307,Air Kiribati,IK,AKL,2100308313,airkiribati@gmail.com,74
308,Trigana Air Service,IL,TGN,2100113442,triganaairservice@gmail.com,50
309,Nam Air,IN,LKN,2105048412,namair@gmail.com,145
310,Iraero,IO,IAE,2102771406,iraero@gmail.com,41
311,Qazaq Air,IQ,QAZ,2109731713,qazaqair@gmail.com,11
312,Iran Air,IR,IRA,2106316823,iranair@gmail.com,25
313,Sepehran Airlines,IS,SHI,2100329132,sepehranairlines@gmail.com,106
314,Caspian Airlines,IV,CPN,2108904435,caspianairlines@gmail.com,152
315,Yemenia,IY,IYE,2101302605,yemenia@gmail.com,152
316,Arkia,IZ,AIZ,2109102425,arkia@gmail.com,14
317,Azerbaijan Airlines,J2,AHY,2103942468,azerbaijanairlines@gmail.com,15
318,Buta Airways,J2,,2107942534,butaairways@gmail.com,57
319,Northwestern Air,J3,PLR,2107497407,northwesternair@gmail.com,14
320,Badr Airlines,J4,BDR,2106946408,badrairlines@gmail.com,49
321,Buffalo Airways,J4,BFL,2102228263,buffaloairways@gmail.com,126
322,Alaska Seaplanes,J5,,2104693000,alaskaseaplanes@gmail.com,69
323,Berjaya Air,J8,BVT,2105487650,berjayaair@gmail.com,131
324,Jetsmart,JA,JAT,2101602452,jetsmart@gmail.com,157
325,Helijet,JB,JBA,2105723417,helijet@gmail.com,15
326,Beijing Capital Airlines,JD,CBJ,2102861900,beijingcapitalairlines@gmail.com,115
327,Iberia,IB,IBE,2104569685,iberia@gmail.com,133
328,Iberia Express,I2,IBS,2109673623,iberiaexpress@gmail.com,82
329,Japan Air Commuter,JC,JAC,2106079719,japanaircommuter@gmail.com,32
330,Air Seychelles,HM,SEY,2105345563,airseychelles@gmail.com,47
331,Int'air Iles,I7,IIA,2108647557,int'airiles@gmail.com,47
332,Harbour Air Seaplanes,H3,HES,2102372730,harbourairseaplanes@gmail.com,101
333,Airasia India,I5,IAD,2107487222,airasiaindia@gmail.com,26
334,Air Do,HD,ADO,2108096353,airdo@gmail.com,5
335,Air India Express,IX,AXB,2108302598,airindiaexpress@gmail.com,115
336,Goair,G8,GOW,2100368583,goair@gmail.com,8
337,Jetstar Japan,GK,JJP,2101121976,jetstarjapan@gmail.com,142
338,Spring Airlines Japan,IJ,SJO,2109701962,springairlinesjapan@gmail.com,144
339,Tigerair Taiwan,IT,TTW,2103930155,tigerairtaiwan@gmail.com,114
340,Wings Air,IW,WON,2103324657,wingsair@gmail.com,154
341,Air Italy,IG,ISS,2104959349,airitaly@gmail.com,28
342,Himalaya Airlines,H9,HIM,2104425776,himalayaairlines@gmail.com,153
343,Transavia,HV,TRA,2101931395,transavia@gmail.com,6
344,Sky Airline,H2,SKU,2107142873,skyairline@gmail.com,58
345,Air Arabia,G9,ABY,2102574867,airarabia@gmail.com,42
346,Jazeera Airways,J9,JZR,2100292419,jazeeraairways@gmail.com,153
347,Jet Asia Airways,JF,JAA,2104051566,jetasiaairways@gmail.com,107
348,Fuji Dream Airlines,JH,FDA,2104257180,fujidreamairlines@gmail.com,96
349,Meraj Airlines,JI,MRJ,2101285700,merajairlines@gmail.com,27
350,Jambojet,JM,,2100530431,jambojet@gmail.com,79
351,Joy Air,JR,JOY,2108039173,joyair@gmail.com,132
352,Air Koryo,JS,KOR,2107652735,airkoryo@gmail.com,5
353,Air Serbia,JU,ASL,2108102292,airserbia@gmail.com,111
354,Bearskin Airlines,JV,BLS,2101052815,bearskinairlines@gmail.com,36
355,Dac Aviation,JX,,2109468990,dacaviation@gmail.com,24
356,Intercaribbean Airways,JY,IWY,2100468247,intercaribbeanairways@gmail.com,78
357,Jubba Airways,JZ,JUB,2104730033,jubbaairways@gmail.com,62
358,Taquan Air,K3,TQN,2106950101,taquanair@gmail.com,12
359,Cambodia Angkor Air,K6,KHV,2109597963,cambodiaangkorair@gmail.com,2
360,Air Kbz,K7,KBZ,2104148441,airkbz@gmail.com,128
361,Drukair,KB,DRK,2103916216,drukair@gmail.com,87
362,Air Astana,KC,KZR,2101858989,airastana@gmail.com,40
363,Air Belgium,KF,ABB,2101449539,airbelgium@gmail.com,124
364,Krasavia,KI,SSJ,2100083612,krasavia@gmail.com,110
365,Air Malta,KM,AMC,2109547452,airmalta@gmail.com,114
366,China United Airlines,KN,CUA,2100633274,chinaunitedairlines@gmail.com,102
367,Maroomba Airlines,KN,,2109409323,maroombaairlines@gmail.com,10
368,Komiaviatrans,KO,KMA,2101287021,komiaviatrans@gmail.com,114
369,Asky Airlines,KP,SKK,2105597640,askyairlines@gmail.com,101
370,Cambodia Airways,KR,KME,2106911099,cambodiaairways@gmail.com,73
371,Penair,KS,PEN,2105260335,penair@gmail.com,146
372,Kuwait Airways,KU,KAC,2107126248,kuwaitairways@gmail.com,6
373,Korea Express Air,KW,KEA,2104492683,koreaexpressair@gmail.com,76
374,Cayman Airways,KX,CAY,2107684594,caymanairways@gmail.com,92
375,Kunming Airlines,KY,KNA,2109967274,kunmingairlines@gmail.com,46
376,Lasa Líneas Aéreas,L4,,2103459716,lasalíneasaéreas@gmail.com,54
377,Mauritania Airlines International,L6,MAI,2101443032,mauritaniaairlinesinternational@gmail.com,111
378,Luxair,LG,LGL,2106570477,luxair@gmail.com,49
379,Liat,LI,LIA,2104921556,liat@gmail.com,123
380,Lao Skyway,LK,LLL,2105833954,laoskyway@gmail.com,121
381,Miami Air International,LL,BSK,2108083280,miamiairinternational@gmail.com,76
382,Loganair,LM,LOG,2100098390,loganair@gmail.com,127
383,Libyan Airlines,LN,LAA,2101615774,libyanairlines@gmail.com,76
384,Avianca Costa Rica,LR,LRC,2108397532,aviancacostarica@gmail.com,98
385,Longjiang Airlines,LT,SNG,2102364737,longjiangairlines@gmail.com,84
386,Level,LV,BOS,2109233090,level@gmail.com,1
387,El Al,LY,ELY,2105657123,elal@gmail.com,69
388,Aero Mongolia,M0,MNG,2103477286,aeromongolia@gmail.com,34
389,Kenmore Air,M5,KEN,2101427347,kenmoreair@gmail.com,12
390,Skyjet Airlines,M8,MSJ,2107745245,skyjetairlines@gmail.com,122
391,Motor Sich Airlines,M9,MSI,2102474364,motorsichairlines@gmail.com,99
392,Silkair,MI,SLK,2106076451,silkair@gmail.com,148
393,Calm Air,MO,CAV,2106230712,calmair@gmail.com,39
394,Hunnu Air,MR,MML,2105330011,hunnuair@gmail.com,30
395,Egyptair,MS,MSR,2103874424,egyptair@gmail.com,82
396,Thomas Cook Airlines,MT,TCX,2103824386,thomascookairlines@gmail.com,30
397,Air Mediterranean,MV,MAR,2101254370,airmediterranean@gmail.com,60
398,Mokulele Airlines,MW,MHO,2107691594,mokuleleairlines@gmail.com,142
399,Maswings,MY,MWG,2105670081,maswings@gmail.com,28
400,Amakusa Airlines,MZ,AHX,2101494493,amakusaairlines@gmail.com,19
401,Nordwind Airlines,N4,NWS,2100134405,nordwindairlines@gmail.com,128
402,Nolinor Aviation,N5,NRL,2103581325,nolinoraviation@gmail.com,122
403,Novair,N9,NVR,2107227085,novair@gmail.com,62
404,Nesma Airlines,NA,NSS,2109755280,nesmaairlines@gmail.com,116
405,Cobham Aviation Services Australia,NC,JTE,2101829097,cobhamaviationservicesaustralia@gmail.com,142
406,Nesma Airlines,NE,NMA,2104709282,nesmaairlines@gmail.com,42
407,Air Vanuatu,NF,AVN,2102944512,airvanuatu@gmail.com,23
408,Al Naser Wings,NG,NAD,2109127978,alnaserwings@gmail.com,24
409,Aero,NG,NIG,2106464118,aero@gmail.com,50
410,Tap Air Portugal,NI,PGA,2101789015,tapairportugal@gmail.com,39
411,Niger Airways,NJ,NWA,2104760088,nigerairways@gmail.com,91
412,Neos,NO,NOS,2109365257,neos@gmail.com,12
413,Nile Air,NP,NIA,2104156081,nileair@gmail.com,24
414,Swiss,LX,SWR,2100885977,swiss@gmail.com,44
415,Lufthansa,LH,DLH,2107593738,lufthansa@gmail.com,94
416,Lot Polish,LO,LOT,2104862008,lotpolish@gmail.com,131
417,Egyptair Express,MS,MSE,2104362027,egyptairexpress@gmail.com,61
418,Latam Brasil,JJ,TAM,2103975798,latambrasil@gmail.com,53
419,Mango,JE,MNO,2103510327,mango@gmail.com,19
420,Japan Airlines,JL,JAL,2109754005,japanairlines@gmail.com,15
421,Cathay Dragon,KA,HDA,2100499384,cathaydragon@gmail.com,152
422,Latam Chile,LA,LAN,2109929025,latamchile@gmail.com,46
423,Malaysia Airlines,MH,MAS,2100065921,malaysiaairlines@gmail.com,2
424,Latam Express,LU,LXP,2104003779,latamexpress@gmail.com,5
425,Latam Peru,LP,LPE,2106620561,latamperu@gmail.com,9
426,Norra,N7,FCM,2103655448,norra@gmail.com,114
427,Klm,KL,KLM,2103451674,klm@gmail.com,121
428,Kenya Airways,KQ,KQA,2109771302,kenyaairways@gmail.com,45
429,Middle East Airlines,ME,MEA,2108112583,middleeastairlines@gmail.com,104
430,Xiamen Airlines,MF,CXA,2103450100,xiamenairlines@gmail.com,145
431,China Eastern,MU,CES,2107023084,chinaeastern@gmail.com,126
432,Air Madagascar,MD,MDG,2101680569,airmadagascar@gmail.com,76
433,Air Mauritius,MK,MAU,2102464285,airmauritius@gmail.com,111
434,Kulula,MN,CAW,2104269868,kulula@gmail.com,108
435,Jetstar,JQ,JST,2102728452,jetstar@gmail.com,64
436,Jin Air,LJ,JNA,2103091051,jinair@gmail.com,4
437,Lion Air,JT,LNI,2105493374,lionair@gmail.com,129
438,Myway Airlines,MJ,MYW,2107651071,mywayairlines@gmail.com,94
439,Peach,MM,APJ,2105335071,peach@gmail.com,65
440,Lanmei Airlines,LQ,MKR,2104985989,lanmeiairlines@gmail.com,72
441,Vanilla Air,JW,VNL,2109735218,vanillaair@gmail.com,4
442,Atlasglobal,KK,KKK,2107312084,atlasglobal@gmail.com,153
443,Jet2.com,LS,EXS,2105374463,jet2.com@gmail.com,154
444,Spirit Airlines,NK,NKS,2107620974,spiritairlines@gmail.com,39
445,Air Japan,NQ,AJX,2103761978,airjapan@gmail.com,159
446,Hebei Airlines,NS,HBH,2108611501,hebeiairlines@gmail.com,110
447,Binter Canarias,NT,IBB,2104756879,bintercanarias@gmail.com,11
448,Karun Airlines,NV,IRG,2106453245,karunairlines@gmail.com,125
449,Air Macau,NX,AMU,2107181401,airmacau@gmail.com,26
450,Air Iceland Connect,NY,FXI,2108541511,airicelandconnect@gmail.com,48
451,Avianca Brazil,O6,ONE,2106561351,aviancabrazil@gmail.com,144
452,Orenburzhye,O7,ORG,2103666820,orenburzhye@gmail.com,141
453,Nova Airways,O9,NOV,2103257615,novaairways@gmail.com,47
454,Olympic Air,OA,OAL,2102583664,olympicair@gmail.com,148
455,Boa Boliviana De Aviación,OB,BOV,2105855069,boabolivianadeaviación@gmail.com,150
456,Oriental Air Bridge,OC,ORC,2108768406,orientalairbridge@gmail.com,92
457,Cairo Aviation,OE,CCE,2104074343,cairoaviation@gmail.com,142
458,Laudamotion,OE,LDM,2103870231,laudamotion@gmail.com,120
459,Overland Airways,OF,OLA,2100319414,overlandairways@gmail.com,43
460,Originair,OG,OGN,2108269596,originair@gmail.com,148
461,Hinterland Aviation,OI,HND,2104266503,hinterlandaviation@gmail.com,85
462,Samoa Airways,OL,PAO,2104504877,samoaairways@gmail.com,109
463,Miat Mongolian Airlines,OM,MGL,2109904755,miatmongolianairlines@gmail.com,118
464,Nauru Airlines,ON,RON,2100299949,nauruairlines@gmail.com,131
465,Passionair,OP,DIG,2106303192,passionair@gmail.com,133
466,Chongqing Airlines,OQ,CQN,2103627037,chongqingairlines@gmail.com,136
467,Tuifly Netherlands,OR,TFL,2104730464,tuiflynetherlands@gmail.com,119
468,Skyward Express,OW,SEW,2102006984,skywardexpress@gmail.com,68
469,Andes Lineas Aereas,OY,ANS,2109630124,andeslineasaereas@gmail.com,93
470,Proflight Zambia,P0,PFZ,2107396440,proflightzambia@gmail.com,136
471,Airkenya,P2,XAK,2105138903,airkenya@gmail.com,13
472,Wingo,P5,RPB,2100425454,wingo@gmail.com,19
473,Pascan Aviation,P6,PSC,2103770310,pascanaviation@gmail.com,19
474,Privilege Style,P6,PVG,2106970588,privilegestyle@gmail.com,131
475,Sprintair,P8,SRN,2103967795,sprintair@gmail.com,139
476,Peruvian Airlines,P9,PVN,2101808813,peruvianairlines@gmail.com,105
477,Pal Airlines,PB,PVL,2107877674,palairlines@gmail.com,90
478,Pegasus Airlines,PC,PGT,2104352427,pegasusairlines@gmail.com,155
479,Porter Airlines,PD,POE,2103956305,porterairlines@gmail.com,100
480,People's Viennaline,PE,PEV,2106796416,people'sviennaline@gmail.com,108
481,Bangkok Airways,PG,BKP,2106132348,bangkokairways@gmail.com,125
482,Phoenix Air,PH,PHA,2102479732,phoenixair@gmail.com,14
483,Polar Airlines,PI,RKA,2108440258,polarairlines@gmail.com,123
484,Air Saint Pierre,PJ,SPM,2104295772,airsaintpierre@gmail.com,118
485,Pia,PK,PIA,2106803994,pia@gmail.com,80
486,Southern Air Charter,PL,SOA,2104349481,southernaircharter@gmail.com,7
487,Canaryfly,PM,CNF,2108317141,canaryfly@gmail.com,48
488,Philippine Airlines,PR,PAL,2103974245,philippineairlines@gmail.com,60
489,Uia,PS,AUI,2101013372,uia@gmail.com,49
490,Plus Ultra Lineas Aereas,PU,PUE,2101350835,plusultralineasaereas@gmail.com,114
491,St Barth Commuter,PV,SBU,2107492255,stbarthcommuter@gmail.com,99
492,Precision Air,PW,PRF,2100774319,precisionair@gmail.com,148
493,Air Niugini,PX,ANG,2103861692,airniugini@gmail.com,157
494,Surinam Airways,PY,SLM,2108614916,surinamairways@gmail.com,143
495,Latam Paraguay,PZ,LAP,2101804001,latamparaguay@gmail.com,157
496,Maldivian,Q2,DQA,2107307961,maldivian@gmail.com,46
497,Anguilla Air Services,Q3,AXL,2105962514,anguillaairservices@gmail.com,156
498,40 Mile Air,Q5,MLA,2101737073,40mileair@gmail.com,9
499,Skybahamas,Q7,SBM,2109480050,skybahamas@gmail.com,84
500,Trans Air Congo,Q8,TSG,2104852242,transaircongo@gmail.com,129
501,Qeshm Air,QB,IRQ,2106050230,qeshmair@gmail.com,23
502,Camair-co,QC,CRC,2105070568,camair-co@gmail.com,45
503,Jc International Airlines,QD,JCC,2105529275,jcinternationalairlines@gmail.com,20
504,Bamboo Airways,QH,BAV,2102494954,bambooairways@gmail.com,83
505,Air Kyrgyzstan,QH,LYN,2102973515,airkyrgyzstan@gmail.com,121
506,Air Canada Express,QK,JZA,2102005827,aircanadaexpress@gmail.com,99
507,Laser Airlines,QL,LER,2105322522,laserairlines@gmail.com,61
508,Monacair,QM,,2108205002,monacair@gmail.com,138
509,Skytrans,QN,SKP,2104824032,skytrans@gmail.com,126
510,Alliance Airlines,QQ,UTY,2105789922,allianceairlines@gmail.com,142
511,Azur Air Ukraine,QU,UTN,2105531806,azurairukraine@gmail.com,12
512,Lao Airlines,QV,LAO,2107559740,laoairlines@gmail.com,107
513,Qingdao Airlines,QW,QDA,2109030826,qingdaoairlines@gmail.com,99
514,Transair Senegal,R2,GTS,2104732016,transairsenegal@gmail.com,137
515,Yakutia Airlines,R3,SYL,2106120483,yakutiaairlines@gmail.com,73
516,Dot Lt,R6,DNU,2107784189,dotlt@gmail.com,127
517,Nepal Airlines,RA,RNA,2101459165,nepalairlines@gmail.com,39
518,Syrianair,RB,SYR,2100079437,syrianair@gmail.com,96
519,Atlantic Airways,RC,FLI,2107616030,atlanticairways@gmail.com,156
520,Rotana Jet,RG,RJD,2103301377,rotanajet@gmail.com,100
521,Royal Flight,RL,ABG,2102778249,royalflight@gmail.com,88
522,Armenia Aircompany,RM,NGT,2109649168,armeniaaircompany@gmail.com,44
523,Kam Air,RQ,KMF,2104840622,kamair@gmail.com,35
524,Ryanair Sun,RR,RYS,2109670774,ryanairsun@gmail.com,32
525,Uvt Aero,RT,BUG,2108570298,uvtaero@gmail.com,90
526,Air Canada Rouge,RV,ROU,2101519908,aircanadarouge@gmail.com,146
527,Royal Air Charter,RW,RYL,2107132497,royalaircharter@gmail.com,15
528,Regent Airways,RX,RGE,2104538304,regentairways@gmail.com,125
529,Sansa,RZ,LRS,2100179813,sansa@gmail.com,69
530,Aerolineas Sosa,S0,NSO,2103276604,aerolineassosa@gmail.com,23
531,Azores Airlines,S4,RZO,2100194109,azoresairlines@gmail.com,119
532,Sunrise Airways,S6,KSZ,2105694789,sunriseairways@gmail.com,20
533,Croatia Airlines,OU,CTN,2109653950,croatiaairlines@gmail.com,95
534,Asiana Airlines,OZ,AAR,2108693946,asianaairlines@gmail.com,88
535,Japan Transocean Air,NU,JTA,2104176308,japantransoceanair@gmail.com,81
536,S7 Airlines,S7,SBI,2108775799,s7airlines@gmail.com,3
537,Qantas,QF,QFA,2103724124,qantas@gmail.com,9
538,Qatar Airways,QR,QTR,2102277644,qatarairways@gmail.com,23
539,Royal Jordanian,RJ,RJA,2109545066,royaljordanian@gmail.com,46
540,Tarom,RO,ROT,2108647824,tarom@gmail.com,102
541,Csa Czech Airlines,OK,CSA,2109045933,csaczechairlines@gmail.com,52
542,Citilink,QG,CTV,2100813332,citilink@gmail.com,87
543,Air Peace,P4,APK,2105347111,airpeace@gmail.com,29
544,Airblue,PA,ABQ,2101970922,airblue@gmail.com,141
545,Air Seoul,RS,ASV,2106044199,airseoul@gmail.com,18
546,West Air,PN,CHB,2105500037,westair@gmail.com,115
547,Indonesia Airasia,QZ,AWQ,2108555577,indonesiaairasia@gmail.com,102
548,Jetlite,S2,JLL,2108990711,jetlite@gmail.com,128
549,Malindo Air,OD,MXD,2100547297,malindoair@gmail.com,110
550,Smartwings Czechia,QS,TVS,2107829170,smartwingsczechia@gmail.com,9
551,Volaris Costa Rica,Q6,VOC,2105307793,volariscostarica@gmail.com,59
552,Jordan Aviation,R5,JAV,2108698407,jordanaviation@gmail.com,19
553,Salamair,OV,OMS,2104714932,salamair@gmail.com,92
554,Sounds Air,S8,SDA,2100591060,soundsair@gmail.com,35
555,Aircalin,SB,ACI,2102189491,aircalin@gmail.com,59
556,Shandong Airlines,SC,CDG,2102541674,shandongairlines@gmail.com,20
557,Sudan Airways,SD,SUD,2105222828,sudanairways@gmail.com,154
558,Xl Airways France,SE,XLF,2104036958,xlairwaysfrance@gmail.com,69
559,Tassili Airlines,SF,DTH,2107155051,tassiliairlines@gmail.com,98
560,Sharp Airlines,SH,SHA,2100596102,sharpairlines@gmail.com,100
561,Flybe,SI,BCI,2102639433,flybe@gmail.com,54
562,Sriwijaya Air,SJ,SJY,2102860838,sriwijayaair@gmail.com,32
563,Air Cairo,SM,MSC,2109691488,aircairo@gmail.com,143
564,Sata Air Acores,SP,SAT,2102893712,sataairacores@gmail.com,65
565,Sky Pasada,SP,WCC,2103504967,skypasada@gmail.com,105
566,Sundair,SR,SDR,2106920212,sundair@gmail.com,42
567,Corsair International,SS,CRL,2107474379,corsairinternational@gmail.com,39
568,Air Namibia,SW,NMB,2107451975,airnamibia@gmail.com,88
569,Somon Air,SZ,SMR,2102018756,somonair@gmail.com,158
570,Avianca Peru,T0,TPU,2102571841,aviancaperu@gmail.com,27
571,Fly Art,T2,FLB,2108408251,flyart@gmail.com,44
572,Eastern Airways,T3,EZE,2108646568,easternairways@gmail.com,32
573,Turkmenistan Airlines,T5,TUA,2108041548,turkmenistanairlines@gmail.com,14
574,Airswift,T6,ATX,2107878430,airswift@gmail.com,33
575,Twin Jet,T7,TJT,2101695137,twinjet@gmail.com,33
576,Avianca El Salvador,TA,TAI,2102317838,aviancaelsalvador@gmail.com,109
577,Air Tanzania,TC,ATC,2103488397,airtanzania@gmail.com,86
578,Skytaxi,TE,IGA,2107037219,skytaxi@gmail.com,1
579,Bra,TF,SCW,2100052900,bra@gmail.com,127
580,Tailwind Airlines,TI,TWI,2108490807,tailwindairlines@gmail.com,2
581,Tradewind Aviation,TJ,GPD,2100860933,tradewindaviation@gmail.com,156
582,Airnorth,TL,ANO,2105636122,airnorth@gmail.com,150
583,Lam Mozambique Airlines,TM,LAM,2103373774,lammozambiqueairlines@gmail.com,127
584,Air Tahiti Nui,TN,THT,2100399808,airtahitinui@gmail.com,21
585,Tandem Aero,TQ,TDM,2106042676,tandemaero@gmail.com,119
586,Air Transat,TS,TSC,2102378312,airtransat@gmail.com,97
587,Tunisair,TU,TAR,2105149702,tunisair@gmail.com,121
588,Tibet Airlines,TV,TBA,2105587529,tibetairlines@gmail.com,78
589,Air Caraibes,TX,FWI,2100779891,aircaraibes@gmail.com,81
590,Air Caledonie,TY,TPC,2108811713,aircaledonie@gmail.com,68
591,Tsaradia,TZ,,2108780651,tsaradia@gmail.com,39
592,Buddha Air,U4,BHA,2107341937,buddhaair@gmail.com,73
593,Karinou Airlines,U5,KRN,2101012164,karinouairlines@gmail.com,90
594,Ural Airlines,U6,SVR,2104528941,uralairlines@gmail.com,113
595,Tus Airways,U8,CYF,2103897418,tusairways@gmail.com,26
596,Myanmar National Airlines,UB,UBA,2108923057,myanmarnationalairlines@gmail.com,140
597,Ultimate Air Shuttle,UE,UJC,2100050587,ultimateairshuttle@gmail.com,67
598,Tunisair Express,UG,TUX,2100032990,tunisairexpress@gmail.com,127
599,Atlasglobal Ukraine,UH,UJX,2102306571,atlasglobalukraine@gmail.com,73
600,Auric Air,UI,AUK,2102780335,auricair@gmail.com,159
601,Almasria Universal Airlines,UJ,LMU,2101009762,almasriauniversalairlines@gmail.com,57
602,Vistara,UK,VTI,2102514226,vistara@gmail.com,35
603,South African Airways,SA,SAA,2104474027,southafricanairways@gmail.com,44
604,Sas Scandinavian,SK,SAS,2101709785,sasscandinavian@gmail.com,87
605,Air Zimbabwe,UM,AZW,2107237155,airzimbabwe@gmail.com,25
606,Bahamasair,UP,BHS,2103360934,bahamasair@gmail.com,139
607,Utair,UT,UTA,2107855805,utair@gmail.com,125
608,Buraq Air,UZ,BRQ,2101202477,buraqair@gmail.com,31
609,Conviasa,V0,VCV,2102370038,conviasa@gmail.com,45
610,Vieques Air Link,V4,VES,2105892146,viequesairlink@gmail.com,20
611,Aerovias Dap,V5,DAP,2103769349,aeroviasdap@gmail.com,64
612,Vi Airlink,V6,VIL,2102076139,viairlink@gmail.com,145
613,Thai Airways,TG,THA,2107399296,thaiairways@gmail.com,125
614,United Airlines,UA,UAL,2105371850,unitedairlines@gmail.com,42
615,Brussels Airlines,SN,BEL,2104889225,brusselsairlines@gmail.com,124
616,Singapore Airlines,SQ,SIA,2101418073,singaporeairlines@gmail.com,64
617,Turkish Airlines,TK,THY,2100773331,turkishairlines@gmail.com,79
618,Tap Air Portugal,TP,TAP,2104731613,tapairportugal@gmail.com,127
619,Srilankan Airlines,UL,ALK,2103762486,srilankanairlines@gmail.com,54
620,Saudia,SV,SVA,2104463691,saudia@gmail.com,121
621,Aeroflot,SU,AFL,2101268188,aeroflot@gmail.com,19
622,Air Europa,UX,AEA,2101112983,aireuropa@gmail.com,5
623,Air Austral,UU,REU,2106011448,airaustral@gmail.com,84
624,Thai Lion Air,SL,TLM,2101822977,thailionair@gmail.com,54
625,Urumqi Air,UQ,CUH,2104707735,urumqiair@gmail.com,47
626,Hk Express,UO,HKE,2103290208,hkexpress@gmail.com,97
627,Scoot,TZ,SCO,2108570437,scoot@gmail.com,140
628,Spicejet,SG,SEJ,2100991342,spicejet@gmail.com,100
629,Tigerair Australia,TT,TGG,2104690200,tigerairaustralia@gmail.com,130
630,T'way Air,TW,TWB,2100790948,t'wayair@gmail.com,38
631,Easyjet,U2,EZY,2106410439,easyjet@gmail.com,9
632,Transavia France,TO,TVF,2100722547,transaviafrance@gmail.com,121
633,Tui Fly Belgium,TB,JAF,2107586023,tuiflybelgium@gmail.com,119
634,Volotea,V7,VOE,2101175192,volotea@gmail.com,43
635,Sun Country Airlines,SY,SCX,2104848949,suncountryairlines@gmail.com,36
636,Iliamna Air Taxi,V8,IAR,2108709898,iliamnaairtaxi@gmail.com,97
637,Virgin Australia,VA,VOZ,2102555037,virginaustralia@gmail.com,27
638,Latam Ecuador,XL,LNE,2104610349,latamecuador@gmail.com,40
639,Aeropostal,VH,ALV,2100818254,aeropostal@gmail.com,123
640,Anisec Luftfahrt,VK,FOO,2105076611,anisecluftfahrt@gmail.com,17
641,Med-view Airline,VL,MEV,2106357090,med-viewairline@gmail.com,75
642,Max Air,VM,NGL,2101260454,maxair@gmail.com,123
643,Flyme,VP,VQI,2104132260,flyme@gmail.com,10
644,Novoair,VQ,NVQ,2108522271,novoair@gmail.com,131
645,Cabo Verde Airlines,VR,TCV,2105413353,caboverdeairlines@gmail.com,111
646,Virgin Atlantic,VS,VIR,2104874372,virginatlantic@gmail.com,108
647,Air Tahiti,VT,VTA,2101606923,airtahiti@gmail.com,35
648,Viva Air Peru,VV,VPE,2106039136,vivaairperu@gmail.com,58
649,Aeromar,VW,TAO,2104237322,aeromar@gmail.com,127
650,Thai Vietjet Air,VZ,TVJ,2105662489,thaivietjetair@gmail.com,143
651,Flexflight,W2,FXT,2108060421,flexflight@gmail.com,98
652,Arik Air,W3,ARA,2106963960,arikair@gmail.com,53
653,Mahan Air,W5,IRM,2100542419,mahanair@gmail.com,34
654,Wings Of Lebanon,W7,WLB,2107026411,wingsoflebanon@gmail.com,138
655,Wizz Air Uk,W9,WUK,2108367467,wizzairuk@gmail.com,0
656,Klm Cityhopper,WA,KLC,2109168631,klmcityhopper@gmail.com,63
657,Rwandair,WB,RWD,2109872479,rwandair@gmail.com,95
658,Avianca Honduras,WC,ISV,2104603008,aviancahonduras@gmail.com,92
659,Thai Smile,WE,THD,2101361873,thaismile@gmail.com,83
660,Widerøe,WF,WIF,2107411199,widerøe@gmail.com,77
661,White Airways,WI,WHT,2105956315,whiteairways@gmail.com,48
662,Edelweiss Air,WK,EDW,2101191345,edelweissair@gmail.com,76
663,Winair,WM,WIA,2106663382,winair@gmail.com,80
664,Swift Air,WQ,SWQ,2101522214,swiftair@gmail.com,86
665,Wasaya Airways,WT,WSG,2107272251,wasayaairways@gmail.com,9
666,Jetways Airlines,WU,JWX,2104809186,jetwaysairlines@gmail.com,27
667,Westair Aviation,WV,WAA,2105559906,westairaviation@gmail.com,151
668,Oman Air,WY,OMA,2109812493,omanair@gmail.com,83
669,Red Wings,WZ,RWZ,2105602735,redwings@gmail.com,67
670,Alaska Seaplanes,X4,,2103087482,alaskaseaplanes@gmail.com,10
671,Air Europa Express,X5,OVA,2103998688,aireuropaexpress@gmail.com,147
672,Corendon Airlines,XC,CAI,2101377099,corendonairlines@gmail.com,10
673,Jetsuitex,XE,JSX,2109039595,jetsuitex@gmail.com,57
674,Air Corsica,XK,CCM,2107623554,aircorsica@gmail.com,60
675,Xpressair,XN,XAR,2103660950,xpressair@gmail.com,129
676,Corendon Airlines Europe,XR,CXI,2107651548,corendonairlineseurope@gmail.com,4
677,Indonesia Airasia X,XT,IDX,2107529827,indonesiaairasiax@gmail.com,92
678,African Express Airways,XU,AXK,2106675282,africanexpressairways@gmail.com,28
679,Air Century,Y2,CEY,2105058795,aircentury@gmail.com,12
680,Ab Aviation,Y6,AYD,2100621084,abaviation@gmail.com,97
681,Nordstar,Y7,TYA,2102317911,nordstar@gmail.com,115
682,Suparna Airlines,Y8,YZR,2109018964,suparnaairlines@gmail.com,30
683,Kish Air,Y9,IRK,2103600538,kishair@gmail.com,27
684,Yamal Airlines,YC,LLM,2106863682,yamalairlines@gmail.com,154
685,Yanair,YE,ANR,2105204484,yanair@gmail.com,68
686,Yangon Airways,YH,AYG,2104120925,yangonairways@gmail.com,91
687,Asian Wings Airways,YJ,AWM,2109289926,asianwingsairways@gmail.com,140
688,Avia Traffic Company,YK,AVJ,2104437079,aviatrafficcompany@gmail.com,23
689,Libyan Wings,YL,LWA,2101063741,libyanwings@gmail.com,81
690,Montenegro Airlines,YM,MGX,2106732585,montenegroairlines@gmail.com,153
691,Air Creebec,YN,CRQ,2104354048,aircreebec@gmail.com,105
692,Heli Air Monaco,YO,MCM,2102340081,heliairmonaco@gmail.com,84
693,Perimeter Aviation,YP,PAG,2102880704,perimeteraviation@gmail.com,51
694,Tar Aerolineas,YQ,LCT,2102317112,taraerolineas@gmail.com,56
695,Hop! Regional,YS,RAE,2105591458,hop!regional@gmail.com,50
696,Yeti Airlines,YT,NYT,2103619589,yetiairlines@gmail.com,117
697,Euroatlantic Airways,YU,MMZ,2104817762,euroatlanticairways@gmail.com,11
698,Amaszonas Uruguay,Z7,AUZ,2102498795,amaszonasuruguay@gmail.com,4
699,Amaszonas,Z8,AZN,2108205980,amaszonas@gmail.com,80
700,Bek Air,Z9,BEK,2101007013,bekair@gmail.com,62
701,Sky Angkor Airlines,ZA,SWM,2107346796,skyangkorairlines@gmail.com,99
702,Iberia Regional By Air Nostrum,YW,ANE,2101340521,iberiaregionalbyairnostrum@gmail.com,75
703,Vietnam Airlines,VN,HVN,2101616328,vietnamairlines@gmail.com,66
704,Vueling,VY,VLG,2103673024,vueling@gmail.com,92
705,Golden Myanmar Airlines,Y5,GMR,2105342657,goldenmyanmarairlines@gmail.com,7
706,Nokscoot,XW,NCT,2104986544,nokscoot@gmail.com,23
707,Philippines Airasia,Z2,APG,2105534166,philippinesairasia@gmail.com,2
708,Seair International,XO,SGD,2109409124,seairinternational@gmail.com,62
709,Thai Airasia X,XJ,TAX,2103074946,thaiairasiax@gmail.com,144
710,Sevenair,VZ,RVP,2102612629,sevenair@gmail.com,100
711,Vietjet,VJ,VJC,2100313480,vietjet@gmail.com,13
712,Sunexpress,XQ,SXS,2106056861,sunexpress@gmail.com,69
713,Sunexpress Deutschland,XG,SXD,2105429296,sunexpressdeutschland@gmail.com,86
714,Tui Fly Deutschland,X3,TUI,2102864008,tuiflydeutschland@gmail.com,136
715,Wizz Air,W6,WZZ,2105571732,wizzair@gmail.com,123
716,Easyfly,VE,EFY,2105179667,easyfly@gmail.com,113
717,Viva Aerobus,VB,VIV,2105618440,vivaaerobus@gmail.com,147
718,Volaris,Y4,VOI,2108000312,volaris@gmail.com,41
719,Flynas,XY,KNE,2103577353,flynas@gmail.com,71
720,Southwest Airlines,WN,SWA,2100238447,southwestairlines@gmail.com,100
721,Sunwing Airlines,WG,SWG,2100856724,sunwingairlines@gmail.com,158
722,Viaair,VC,SRY,2105179550,viaair@gmail.com,112
723,Westjet,WS,WJA,2101888679,westjet@gmail.com,0
724,Westjet Encore,WR,WEN,2108760267,westjetencore@gmail.com,140
725,Swoop,WO,WSW,2101468665,swoop@gmail.com,23
726,Aigle Azur,ZI,AAF,2102356508,aigleazur@gmail.com,111
727,Regional Express,ZL,RXA,2104451524,regionalexpress@gmail.com,38
728,Zoom Air,ZO,ZOM,2102287012,zoomair@gmail.com,7
729,Paranair,ZP,AZP,2107939142,paranair@gmail.com,34
730,Azman Air,ZQ,AZM,2101795940,azmanair@gmail.com,79
731,Air Canada Express,ZX,GGN,2102441106,aircanadaexpress@gmail.com,20
732,Hi Fly Malta,5M,HFM,2104215842,hiflymalta@gmail.com,51
733,Eva Air,BR,EVA,2104304556,evaair@gmail.com,112
734,Adria Airways,JP,ADR,2103535295,adriaairways@gmail.com,15
735,Ethiopian Airlines,ET,ETH,2101438556,ethiopianairlines@gmail.com,72
736,Austrian Airlines,OS,AUA,2107364812,austrianairlines@gmail.com,42
737,All Nippon Airways,NH,ANA,2104587425,allnipponairways@gmail.com,6
738,Shenzhen Airlines,ZH,CSZ,2106745220,shenzhenairlines@gmail.com,10
739,Latam Argentina,4M,DSM,2109088477,latamargentina@gmail.com,45
740,Ba Cityflyer,CJ,CFE,2100656386,bacityflyer@gmail.com,122
741,Globus Airlines,GH,GLP,2109618322,globusairlines@gmail.com,70
742,J-air,XM,JLJ,2104239476,j-air@gmail.com,122
743,Qatar Executive,QE,QQE,2109594783,qatarexecutive@gmail.com,75
744,Jiangxi Air,RY,CJX,2109192279,jiangxiair@gmail.com,13
745,Korean Air,KE,KAL,2103615469,koreanair@gmail.com,156
746,Garuda Indonesia,GA,GIA,2102221835,garudaindonesia@gmail.com,114
747,Joon,JN,JON,2101714833,joon@gmail.com,29
748,Turpial Airlines,T9,VTU,2100533970,turpialairlines@gmail.com,88
749,Air Manas,ZM,MBB,2107468312,airmanas@gmail.com,129
750,Cebgo,DG,SRQ,2106304588,cebgo@gmail.com,103
751,Cebu Pacific,5J,CEB,2104037707,cebupacific@gmail.com,157
752,Air New Zealand,NZ,ANZ,2104565226,airnewzealand@gmail.com,92
753,Scoot,TR,TGW,2105863847,scoot@gmail.com,33
754,Hi Fly,5K,HFY,2104130002,hifly@gmail.com,54
755,Hibernian Airlines,HG,HBN,2108933344,hibernianairlines@gmail.com,105
